{
  "ControlesVolumetricos": {
    "Version": "1.0",
    "RfcContribuyente": "GEM161104H39",
    "RfcProveedor": "",
    "Caracter": {
      "Caracter": "Usuario",
      "ModalidadPermiso": "",
      "NumPermiso": "",
      "NumContratoOAsignacion": "",
      "InstalacionAlmacenGasNatural": ""
    },
    "ClaveInstalacion": "",
    "DescripcionInstalacion": "",
    "Geolocalizacion": {
      "GeolocalizacionLatitud": "",
      "GeolocalizacionLongitud": ""
    },
    "FechaYHoraCorte": "2022-06-01T05:00:00.000Z",
    "PRODUCTO": {
      "ClaveProducto": "PR03",
      "ClaveSubProducto": "PR03",
      "Gasolina": {
        "ComposOctanajeGasolina": "91",
        "GasolinaConCombustibleNoFosil": "No",
        "ComposDeCombustibleNoFosilEnGasolina": ""
      },
      "MarcaComercial": "GLENCORE ENERGY MX"
    },
    "BITACORA": {
      "NumeroRegistro": "11",
      "FechaYHoraEvento": "2022-10-11T18:37:08.874Z",
      "UsuarioResponsable": "Adrián Sánchez",
      "TipoEvento": "0",
      "DescripcionEvento": "Todo bien",
      "IdentificacionComponenteAlarma": ""
    },
    "RfcRepresentanteLegal": "GEM161104H39"
  },
  "Complemento_Comercializacion": {
    "DICTAMEN": {
      "RfcDictamen": {},
      "LoteDictamen": {},
      "NumeroFolioDictamen": {},
      "FechaEmisionDictamen": {},
      "ResultadoDictamen": {}
    },
    "NACIONAL": {
      "RfcClienteOProveedor": {},
      "NombreClienteOProveedor": {},
      "PermisoProveedor": {},
      "CFDIs": {
        "CFDI": "b9f32d5f-775d-4cd4-acaf-a74d8111af23",
        "TipoCFDI": "Egreso",
        "PrecioVentaOCompraOContrap": " $648,388.77 ",
        "FechayHoraTransaccion": "2022-06-01T05:00:00.000Z",
        "VolumenDocumentado": {
          "ValorNumerico": "30597",
          "UM": "UM03"
        }
      }
    },
    "ACLARACION": {},
    "RfcClienteOProveedor": "",
    "NombreClienteOProveedor": "G500 Network Sapi De Cv"
  }
}