{
  "ControlesVolumetricos": {
    "Version": "1.0",
    "RfcContribuyente": "GEM161104H39",
    "RfcProveedor": "KSA160329PU7",
    "Caracter": {
      "Caracter": "Usuario",
      "ModalidadPermiso": "",
      "NumPermiso": "",
      "NumContratoOAsignacion": "",
      "InstalacionAlmacenGasNatural": ""
    },
    "ClaveInstalacion": "",
    "DescripcionInstalacion": "",
    "Geolocalizacion": {
      "GeolocalizacionLatitud": "",
      "GeolocalizacionLongitud": ""
    },
    "FechaYHoraCorte": "6/1/22",
    "PRODUCTO": {
      "ClaveProducto": "PR03",
      "ClaveSubProducto": "PR03",
      "Diesel": {
        "DieselConCombustibleNoFosil": "No",
        "ComposDeCombustibleNoFosilEnDiesel": ""
      },
      "MarcaComercial": "GLENCORE ENERGY MX"
    },
    "BITACORA": {
      "NumeroRegistro": "2",
      "FechaYHoraEvento": "2022-10-11T18:37:08.874Z",
      "UsuarioResponsable": "Adrián Sánchez",
      "TipoEvento": "0",
      "DescripcionEvento": "Todo bien",
      "IdentificacionComponenteAlarma": ""
    },
    "RfcRepresentanteLegal": "GEM161104H39"
  },
  "Complemento_Comercializacion": {
    "DICTAMEN": {
      "RfcDictamen": {},
      "LoteDictamen": {},
      "NumeroFolioDictamen": {},
      "FechaEmisionDictamen": {},
      "ResultadoDictamen": {}
    },
    "NACIONAL": {
      "RfcClienteOProveedor": {},
      "NombreClienteOProveedor": {},
      "PermisoProveedor": {},
      "CFDIs": {
        "CFDI": "aa857410-601b-406a-a603-e0bbdd8bfffd",
        "TipoCFDI": "ingreso",
        "PrecioVentaOCompraOContrap": "854624.94",
        "FechayHoraTransaccion": "6/1/22",
        "VolumenDocumentado": {
          "ValorNumerico": "29729",
          "UM": "UM03"
        }
      }
    },
    "ACLARACION": {},
    "RfcClienteOProveedor": "KSA160329PU7",
    "NombreClienteOProveedor": "KOCH SUPPLY & TRADING MEXICO"
  }
}