{
  "ControlesVolumetricos": {
    "Version": "1.0",
    "RfcContribuyente": "GEM161104H39",
    "RfcProveedor": "",
    "Caracter": {
      "Caracter": "Usuario",
      "ModalidadPermiso": "",
      "NumPermiso": "",
      "NumContratoOAsignacion": "",
      "InstalacionAlmacenGasNatural": ""
    },
    "ClaveInstalacion": "",
    "DescripcionInstalacion": "",
    "Geolocalizacion": {
      "GeolocalizacionLatitud": "",
      "GeolocalizacionLongitud": ""
    },
    "FechaYHoraCorte": "2022-06-01T05:00:00.000Z",
    "PRODUCTO": {
      "ClaveProducto": "PR03",
      "ClaveSubProducto": "PR03",
      "Gasolina": {
        "ComposOctanajeGasolina": "87",
        "GasolinaConCombustibleNoFosil": "No",
        "ComposDeCombustibleNoFosilEnGasolina": ""
      },
      "MarcaComercial": "GLENCORE ENERGY MX"
    },
    "BITACORA": {
      "NumeroRegistro": "2",
      "FechaYHoraEvento": "2022-10-11T18:37:08.874Z",
      "UsuarioResponsable": "Adrián Sánchez",
      "TipoEvento": "0",
      "DescripcionEvento": "Todo bien",
      "IdentificacionComponenteAlarma": ""
    },
    "RfcRepresentanteLegal": "GEM161104H39"
  },
  "Complemento_Comercializacion": {
    "DICTAMEN": {
      "RfcDictamen": {},
      "LoteDictamen": {},
      "NumeroFolioDictamen": {},
      "FechaEmisionDictamen": {},
      "ResultadoDictamen": {}
    },
    "NACIONAL": {
      "RfcClienteOProveedor": {},
      "NombreClienteOProveedor": {},
      "PermisoProveedor": {},
      "CFDIs": {
        "CFDI": "6ea7c5b3-a5fd-4de0-90e5-5b2079b39390",
        "TipoCFDI": "Egreso",
        "PrecioVentaOCompraOContrap": " $594,448.94 ",
        "FechayHoraTransaccion": "2022-06-01T05:00:00.000Z",
        "VolumenDocumentado": {
          "ValorNumerico": "30980",
          "UM": "UM03"
        }
      }
    },
    "ACLARACION": {},
    "RfcClienteOProveedor": "",
    "NombreClienteOProveedor": "G500 Network Sapi De Cv"
  }
}