<?xml version="1.0" encoding="UTF-8" standalone="yes"?>
<root>
  <ControlesVolumetricos>
    <co:Version>1.0</co:Version>
    <co:RfcContribuyente>GEM161104H39</co:RfcContribuyente>
    <co:RfcProveedor>KSA160329PU7</co:RfcProveedor>
    <co:Caracter>
      <co:Caracter>Usuario</co:Caracter>
      <co:ModalidadPermiso/>
      <co:NumPermiso/>
      <co:NumContratoOAsignacion/>
      <co:InstalacionAlmacenGasNatural/>
    </co:Caracter>
    <co:ClaveInstalacion/>
    <co:DescripcionInstalacion/>
    <co:Geolocalizacion>
      <co:GeolocalizacionLatitud/>
      <co:GeolocalizacionLongitud/>
    </co:Geolocalizacion>
    <co:FechaYHoraCorte>6/1/22</co:FechaYHoraCorte>
    <co:PRODUCTO>
      <co:ClaveProducto>PR03</co:ClaveProducto>
      <co:ClaveSubProducto>PR03</co:ClaveSubProducto>
      <co:Diesel>
        <co:DieselConCombustibleNoFosil>No</co:DieselConCombustibleNoFosil>
        <co:ComposDeCombustibleNoFosilEnDiesel/>
      </co:Diesel>
      <co:MarcaComercial>GLENCORE ENERGY MX</co:MarcaComercial>
    </co:PRODUCTO>
    <co:BITACORA>
      <co:NumeroRegistro>12</co:NumeroRegistro>
      <co:FechaYHoraEvento>2022-10-11T18:37:08.874Z</co:FechaYHoraEvento>
      <co:UsuarioResponsable>Adrián Sánchez</co:UsuarioResponsable>
      <co:TipoEvento>0</co:TipoEvento>
      <co:DescripcionEvento>Todo bien</co:DescripcionEvento>
      <co:IdentificacionComponenteAlarma/>
    </co:BITACORA>
    <co:RfcRepresentanteLegal>GEM161104H39</co:RfcRepresentanteLegal>
  </ControlesVolumetricos>
  <Complemento_Comercializacion>
    <co:DICTAMEN>
      <co:RfcDictamen/>
      <co:LoteDictamen/>
      <co:NumeroFolioDictamen/>
      <co:FechaEmisionDictamen/>
      <co:ResultadoDictamen/>
    </co:DICTAMEN>
    <co:NACIONAL>
      <co:RfcClienteOProveedor/>
      <co:NombreClienteOProveedor/>
      <co:PermisoProveedor/>
      <co:CFDIs>
        <co:CFDI>96375641-54fc-4e8e-8980-f092380f66c5</co:CFDI>
        <co:TipoCFDI>ingreso</co:TipoCFDI>
        <co:PrecioVentaOCompraOContrap>882671.88</co:PrecioVentaOCompraOContrap>
        <co:FechayHoraTransaccion>6/1/22</co:FechayHoraTransaccion>
        <co:VolumenDocumentado>
          <co:ValorNumerico>30629</co:ValorNumerico>
          <co:UM>UM03</co:UM>
        </co:VolumenDocumentado>
      </co:CFDIs>
    </co:NACIONAL>
    <co:ACLARACION/>
    <co:RfcClienteOProveedor>KSA160329PU7</co:RfcClienteOProveedor>
    <co:NombreClienteOProveedor>KOCH SUPPLY &amp; TRADING MEXICO</co:NombreClienteOProveedor>
  </Complemento_Comercializacion>
</root>