<?xml version="1.0" encoding="UTF-8" standalone="yes"?>
<root>
  <ControlesVolumetricos>
    <co:Version>1.0</co:Version>
    <co:RfcContribuyente>GEM161104H39</co:RfcContribuyente>
    <co:RfcProveedor/>
    <co:Caracter>
      <co:Caracter>Usuario</co:Caracter>
      <co:ModalidadPermiso/>
      <co:NumPermiso/>
      <co:NumContratoOAsignacion/>
      <co:InstalacionAlmacenGasNatural/>
    </co:Caracter>
    <co:ClaveInstalacion/>
    <co:DescripcionInstalacion/>
    <co:Geolocalizacion>
      <co:GeolocalizacionLatitud/>
      <co:GeolocalizacionLongitud/>
    </co:Geolocalizacion>
    <co:FechaYHoraCorte>2022-06-01T05:00:00.000Z</co:FechaYHoraCorte>
    <co:PRODUCTO>
      <co:ClaveProducto>PR03</co:ClaveProducto>
      <co:ClaveSubProducto>PR03</co:ClaveSubProducto>
      <co:Gasolina>
        <co:ComposOctanajeGasolina>92</co:ComposOctanajeGasolina>
        <co:GasolinaConCombustibleNoFosil>No</co:GasolinaConCombustibleNoFosil>
        <co:ComposDeCombustibleNoFosilEnGasolina/>
      </co:Gasolina>
      <co:MarcaComercial>GLENCORE ENERGY MX</co:MarcaComercial>
    </co:PRODUCTO>
    <co:BITACORA>
      <co:NumeroRegistro>9</co:NumeroRegistro>
      <co:FechaYHoraEvento>2022-10-11T18:37:08.874Z</co:FechaYHoraEvento>
      <co:UsuarioResponsable>Adrián Sánchez</co:UsuarioResponsable>
      <co:TipoEvento>0</co:TipoEvento>
      <co:DescripcionEvento>Todo bien</co:DescripcionEvento>
      <co:IdentificacionComponenteAlarma/>
    </co:BITACORA>
    <co:RfcRepresentanteLegal>GEM161104H39</co:RfcRepresentanteLegal>
  </ControlesVolumetricos>
  <Complemento_Comercializacion>
    <co:DICTAMEN>
      <co:RfcDictamen/>
      <co:LoteDictamen/>
      <co:NumeroFolioDictamen/>
      <co:FechaEmisionDictamen/>
      <co:ResultadoDictamen/>
    </co:DICTAMEN>
    <co:NACIONAL>
      <co:RfcClienteOProveedor/>
      <co:NombreClienteOProveedor/>
      <co:PermisoProveedor/>
      <co:CFDIs>
        <co:CFDI>6d3092ff-6118-4707-846d-606c27182ba5</co:CFDI>
        <co:TipoCFDI>Egreso</co:TipoCFDI>
        <co:PrecioVentaOCompraOContrap> $563,826.46 </co:PrecioVentaOCompraOContrap>
        <co:FechayHoraTransaccion>2022-06-01T05:00:00.000Z</co:FechayHoraTransaccion>
        <co:VolumenDocumentado>
          <co:ValorNumerico>29478</co:ValorNumerico>
          <co:UM>UM03</co:UM>
        </co:VolumenDocumentado>
      </co:CFDIs>
    </co:NACIONAL>
    <co:ACLARACION/>
    <co:RfcClienteOProveedor/>
    <co:NombreClienteOProveedor>G500 Network Sapi De Cv</co:NombreClienteOProveedor>
  </Complemento_Comercializacion>
</root>