<?xml version="1.0" encoding="UTF-8" standalone="yes"?>
<root>
  <ControlesVolumetricos>
    <co:Version>1.0</co:Version>
    <co:RfcContribuyente>GEM161104H39</co:RfcContribuyente>
    <co:RfcProveedor>KSA160329PU7</co:RfcProveedor>
    <co:Caracter>
      <co:Caracter>Usuario</co:Caracter>
      <co:ModalidadPermiso/>
      <co:NumPermiso/>
      <co:NumContratoOAsignacion/>
      <co:InstalacionAlmacenGasNatural/>
    </co:Caracter>
    <co:ClaveInstalacion/>
    <co:DescripcionInstalacion/>
    <co:Geolocalizacion>
      <co:GeolocalizacionLatitud/>
      <co:GeolocalizacionLongitud/>
    </co:Geolocalizacion>
    <co:FechaYHoraReporteMes>FULLDATE</co:FechaYHoraReporteMes>
    <co:PRODUCTO>
      <co:ClaveProducto>PR03</co:ClaveProducto>
      <co:ClaveSubProducto>PR03</co:ClaveSubProducto>
      <co:Gasolina>
        <co:ComposOctanajeGasolina>91</co:ComposOctanajeGasolina>
        <co:GasolinaConCombustibleNoFosil>No</co:GasolinaConCombustibleNoFosil>
        <co:ComposDeCombustibleNoFosilEnGasolina/>
      </co:Gasolina>
      <co:Diesel>
        <co:DieselConCombustibleNoFosil>No</co:DieselConCombustibleNoFosil>
        <co:ComposDeCombustibleNoFosilEnDiesel/>
      </co:Diesel>
      <co:MarcaComercial>GLENCORE ENERGY MX</co:MarcaComercial>
      <co:REPORTEDEVOLUMENMENSUAL>
        <co:CONTROLDEEXISTENCIAS>
          <co:VolumenExistenciasMes>
            <co:ValorNumerico>867567</co:ValorNumerico>
          </co:VolumenExistenciasMes>
          <co:FechaYHoraEstaMedicionMes>2022-10-11T18:35:55.958Z</co:FechaYHoraEstaMedicionMes>
        </co:CONTROLDEEXISTENCIAS>
        <co:RECEPCIONES>
          <co:TotalRecepcionesMes>100</co:TotalRecepcionesMes>
          <co:SumaVolumenRecepcionMes>
            <co:ValorNumerico>total ingreso</co:ValorNumerico>
            <co:UM>UM03</co:UM>
            <ValorNumerico>2996141</ValorNumerico>
          </co:SumaVolumenRecepcionMes>
          <co:TotalDocumentosMes/>
          <co:ImporteTotalRecepcionesMensual>80977812.42999999</co:ImporteTotalRecepcionesMensual>
          <co:Complemento/>
        </co:RECEPCIONES>
        <co:ENTREGAS>
          <co:TotalEntregasMes>100</co:TotalEntregasMes>
          <co:SumaVolumenEntregadoMes>
            <co:ValorNumerico>2128574</co:ValorNumerico>
            <co:UM>UM03</co:UM>
          </co:SumaVolumenEntregadoMes>
          <co:TotalDocumentosMes/>
          <co:ImporteTotalEntregasMes>NaN</co:ImporteTotalEntregasMes>
          <co:Complemento/>
        </co:ENTREGAS>
      </co:REPORTEDEVOLUMENMENSUAL>
    </co:PRODUCTO>
    <co:BITACORAMENSUAL>
      <co:NumeroRegistro>1</co:NumeroRegistro>
      <co:FechaYHoraEvento>2022-10-11T18:35:55.958Z</co:FechaYHoraEvento>
      <co:UsuarioResponsable>Adrián Sánchez</co:UsuarioResponsable>
      <co:TipoEvento>0</co:TipoEvento>
      <co:DescripcionEvento>Todo bien</co:DescripcionEvento>
      <co:IdentificacionComponenteAlarma/>
    </co:BITACORAMENSUAL>
    <co:RfcRepresentanteLegal>GEM161104H39</co:RfcRepresentanteLegal>
    <co:FechaYHoraCorte>2022-10-11T18:35:55.958Z</co:FechaYHoraCorte>
  </ControlesVolumetricos>
  <Complemento_Comercializacion>
    <co:DICTAMEN>
      <co:RfcDictamen/>
      <co:LoteDictamen/>
      <co:NumeroFolioDictamen/>
      <co:FechaEmisionDictamen/>
      <co:ResultadoDictamen/>
    </co:DICTAMEN>
    <co:NACIONAL>
      <co:RfcClienteOProveedor>KSA160329PU7</co:RfcClienteOProveedor>
      <co:NombreClienteOProveedor>KOCH SUPPLY &amp; TRADING MEXICO</co:NombreClienteOProveedor>
      <co:PermisoProveedor/>
      <co:CFDIs>
        <co:CFDI>e5115e04-6473-4835-8fb1-9d0d4fb48500</co:CFDI>
        <co:TipoCFDI>ingreso</co:TipoCFDI>
        <co:PrecioVentaOCompraOContrap>80977812.42999999</co:PrecioVentaOCompraOContrap>
        <co:FechayHoraTransaccion>2022-10-11T18:35:55.958Z</co:FechayHoraTransaccion>
        <co:VolumenDocumentado>
          <co:ValorNumerico>2996141</co:ValorNumerico>
          <co:UM>UM03</co:UM>
        </co:VolumenDocumentado>
      </co:CFDIs>
    </co:NACIONAL>
    <co:ACLARACION/>
  </Complemento_Comercializacion>
</root>